Nom,lieu de naissance,lat,long,lieu de mort,Né le,Décédé le
Charles Savary,Coutances,49.045277777778,-1.4452777777778,Ottawa,21 septembre 1845 ,9 septembre 1889
Étienne Lamy,Cize,46.731666666667,5.91,Paris,2 juin 1845 ,9 janvier 1919
Antoine de Castellane,Paris,48.85666666666667,2.352222222222222,Paris,12 mai 1844 ,10 décembre 1917
Francisque Ordinaire,Saint-Laurent-sur-Saône,46.305277777778,4.8394444444444,Paris,26 janvier 1844 ,29 mai 1896
Charles Eugène Lébraly,Courteix,45.648333333333,2.3416666666667,Ussel,15 avril 1843 ,30 juin 1888
Paul-Gabriel d’Haussonville,Gurcy-le-Châtel,48.470833333333,3.0869444444444,7e arrondissement de Paris,21 mars 1843 ,1er septembre 1924
Ernest Duvergier de Hauranne,Paris,48.85666666666667,2.352222222222222,Trouville-sur-Mer,7 mars 1843 ,19 août 1877
Bernard d'Harcourt,Paris,48.85666666666667,2.352222222222222,Paris,20 août 1842 ,8 avril 1914
Maurice Rouvier,Aix-en-Provence,43.527777777778,5.4455555555556,Neuilly-sur-Seine,17 avril 1842 ,7 juin 1911
Georges Clemenceau,Mouilleron-en-Pareds,46.675833333333,-0.84944444444444,Paris,28 septembre 1841 ,24 novembre 1929
Benoît Malon,Précieux,45.586388888889,4.1511111111111,Asnières-sur-Seine,23 juin 1841 ,13 septembre 1893
Antoine Just Léon Marie de Noailles,Paris,48.85666666666667,2.352222222222222,Paris,19 avril 1841 ,2 février 1909
Théodore Lacascade,Saint-François,16.251388888889,-61.273888888889,16e arrondissement de Paris,2 janvier 1841 ,6 novembre 1906
Gustave Tridon,Châtillon-sur-Seine,47.858333333333,4.5741666666667,Ville de Bruxelles,1er janvier 1841 ,29 août 1871
Émile Bouchet,Embrun,44.565,6.4952777777778,,28 décembre 1840 ,
Marie-Henri-Guillaume de Chabrol-Tournoël,Paris,48.85666666666667,2.352222222222222,Nevers,18 mai 1840 ,25 décembre 1923
Daniel Wilson,Paris,48.85666666666667,2.352222222222222,Loches,6 mars 1840 ,13 février 1919
Emmanuel de Crussol d'Uzès,Paris,48.85666666666667,2.352222222222222,Paris,18 janvier 1840 ,28 novembre 1878
Léon Chiris,Grasse,43.658055555556,6.9252777777778,Paris,13 décembre 1839 ,16 janvier 1900
Charles de Ravinel,Nancy,48.692777777778,6.1836111111111,Nossoncourt,30 octobre 1839 ,27 octobre 1905
Amédée-Eugène-Louis de Lur-Saluces,Sauternes,44.531666666667,-0.34277777777778,Sauternes,5 juillet 1839 ,2 octobre 1894
René Joseph Brice,Rennes,48.114166666667,-1.6808333333333,6e arrondissement de Paris,23 juin 1839 ,26 août 1921
Arthur de Chabaud-Latour,Paris,48.85666666666667,2.352222222222222,Cannes,6 juin 1839 ,20 février 1910
Albert Moreau du Breuil de Saint-Germain,Chaumont,48.110833333333,5.1386111111111,Paris,3 décembre 1838 ,9 avril 1919
Georges Périn,Arras,50.289166666667,2.78,Paris,1er juillet 1838 ,5 juillet 1903
Jules Méline,Remiremont,48.016944444444,6.59,Paris,20 mai 1838 ,21 décembre 1925
Albert Desjardins,Beauvais,49.434166666667,2.0875,Beauvais,28 avril 1838 ,21 janvier 1897
Léon Gambetta,Cahors,44.4475,1.4405555555556,Ville-d'Avray,2 avril 1838 ,31 décembre 1882
Léon Lefébure,Wintzenheim,48.073055555556,7.29,Orbey,31 mars 1838 ,4 août 1911
André Folliet,Saint-Jean-de-Maurienne,45.276666666667,6.345,Paris,18 mars 1838 ,22 mars 1905
Louis de Clercq,Paris,48.85666666666667,2.352222222222222,Oignies,24 décembre 1837 ,27 décembre 1901
Francisque Rive,Belley,45.759166666667,5.6880555555556,,17 novembre 1837 ,12 avril 1898
Edmond Berlet,Nancy,48.692777777778,6.1836111111111,Nancy,18 octobre 1837 ,28 janvier 1886
Germain Casse,Pointe-à-Pitre,16.241111111111,-61.533055555556,Avignon,22 septembre 1837 ,9 décembre 1900
Sadi Carnot,Limoges,45.834444444444,1.2616666666667,3e arrondissement de Lyon,11 août 1837 ,25 juin 1894
Fidèle Simon,Guémené-Penfao,47.63,-1.8325,Pléchâtel,6 août 1837 ,5 mai 1911
Marie Alexandre Raoul Blin de Bourdon,Abbeville,50.105277777778,1.8352777777778,Paris,20 mai 1837 ,17 avril 1940
Horace de Choiseul-Praslin,Paris,48.85666666666667,2.352222222222222,Paris,23 février 1837 ,6 décembre 1915
Pierre Tassin,Noyers-sur-Cher,47.276666666667,1.3997222222222,Paris,21 janvier 1837 ,20 novembre 1908
Camille Mathéi de Valfons,Nîmes,43.83833333333333,4.3597222222222225,Nîmes,11 janvier 1837 ,1er juillet 1907
Louis Adolphe Rollin,Corny-sur-Moselle,49.034722222222,6.0597222222222,,18 août 1836 ,29 janvier 1909
Henri de Legge,Rennes,48.114166666667,-1.6808333333333,château de Kerriou,29 juin 1836 ,3 janvier 1902
Auguste Balsan,Paris,48.85666666666667,2.352222222222222,Paris,6 juin 1836 ,2 mai 1896
Ernest des Roys,Paris,48.85666666666667,2.352222222222222,Paris,4 avril 1836 ,28 novembre 1903
Auguste Guinard,Londres,51.507222 ,-0.1275 ,Paris,9 mars 1836 ,8 janvier 1916
Paul Jozon,La Ferté-sous-Jouarre,48.949166666667,3.1294444444444,Paris,12 février 1836 ,6 juillet 1881
Paul-Joseph Cottin,Lyon,45.758888888889,4.8413888888889,2e arrondissement de Lyon,1er février 1836 ,21 mars 1925
Oscar Bardi de Fourtou,Ribérac,45.246944444444,0.33888888888889,Paris,3 janvier 1836 ,6 décembre 1897
Louis-Numa Baragnon,Nîmes,43.83833333333333,4.3597222222222225,Nîmes,24 novembre 1835 ,18 mai 1892
Louis Lacave-Laplagne,Paris,48.85666666666667,2.352222222222222,Paris,3 octobre 1835 ,25 février 1902
Henri Brisson,Bourges,47.083611111111,2.3955555555556,Paris,31 juillet 1835 ,13 avril 1912
Benjamin Vandier,Bellême,48.376388888889,0.56055555555556,Viroflay,9 mars 1835 ,23 août 1878
Auguste Schneegans,Strasbourg,48.573333333333,7.7522222222222,Gênes,8 février 1835 ,2 mars 1898
Alfred Naquet,Carpentras,44.055,5.0480555555556,Paris,6 octobre 1834 ,10 novembre 1916
Édouard Millaud,Tarascon,43.805,4.6594444444444,Paris,7 septembre 1834 ,16 mai 1912
Paul Léon Aclocque,Montdidier,48.929444444444,6.8172222222222,Paris,19 janvier 1834 ,23 mars 1893
Auguste Lestourgie,Argentat,45.093333333333,1.9377777777778,Corrèze,12 novembre 1833 ,10 mai 1885
Robert Eugène des Rotours,Aniche,50.33,3.2511111111111,7e arrondissement de Paris,23 octobre 1833 ,28 mars 1895
Paul Louis Gabriel Bethmont,Vitry-sur-Seine,48.7875,2.3927777777778,Saint-Coutant-le-Grand,12 octobre 1833 ,28 août 1889
Henri Besnard de Guitry,Jouars-Pontchartrain,48.803055555556,1.9013888888889,Versailles,12 septembre 1833 ,21 décembre 1907
Amédée Lefèvre-Pontalis,Paris,48.85666666666667,2.352222222222222,8e arrondissement de Paris,20 juin 1833 ,28 avril 1901
Julien du Vergier de La Rochejaquelein,Chartres,48.446666666667,1.4883333333333,château de Clisson,27 mars 1833 ,30 juillet 1897
Auguste Scheurer-Kestner,Mulhouse,47.748611111111,7.3391666666667,Bagnères-de-Luchon,11 février 1833 ,19 septembre 1899
Félix Voisin,Paris,48.85666666666667,2.352222222222222,Paris,3 décembre 1832 ,28 janvier 1915
Édouard Teutsch,Wingen-sur-Moder,48.920277777778,7.3761111111111,Wingen-sur-Moder,5 novembre 1832 ,14 octobre 1908
Félix Renaud,La Guiche,46.544722222222,4.4511111111111,Paris,30 octobre 1832 ,28 avril 1907
Joseph Martin d'Auray,Auray,47.667777777778,-2.9825,Carnac,4 octobre 1832 ,3 novembre 1900
Charles de Lacombe,Paris,48.85666666666667,2.352222222222222,Paris,25 septembre 1832 ,28 février 1904
Athanase de Charette de La Contrie,Nantes,47.217222222222,-1.5538888888889,Saint-Père-Marc-en-Poulet,18 septembre 1832 ,9 octobre 1911
Émile Carron,Pointe-à-Pitre,16.241111111111,-61.533055555556,Versailles,20 juillet 1832 ,19 janvier 1926
Jacques Jean Ernest Busson-Duviviers,Courdemanche,47.814444444444,0.56277777777778,Nice,28 juin 1832 ,13 décembre 1884
Cyprien Girerd,Paris,48.85666666666667,2.352222222222222,Paris,1er mai 1832 ,9 avril 1916
François Girot-Pouzol,Le Broc,45.500833333333,3.2438888888889,Chalus,18 avril 1832 ,15 juin 1898
Edgar Raoul-Duval,Laon,49.563333333333,3.6236111111111,Monte-Carlo,9 avril 1832 ,10 février 1887
Jules Ferry,Saint-Dié-des-Vosges,48.284166666667,6.9491666666667,8e arrondissement de Paris,5 avril 1832 ,17 mars 1893
Auguste Boullier,Roanne,46.036111111111,4.0680555555556,Roanne,21 février 1832 ,30 avril 1898
Clément Laurier,Sainte-Radegonde-en-Touraine,47.403999,0.7107,Marseille,3 février 1832 ,20 septembre 1878
Emmanuel-Marie-Stanislas Thibaut de La Rochethulon,Orléans,47.902222222222,1.9041666666667,Marigny-Brizay,17 janvier 1832 ,14 octobre 1890
Arthur Ranc,Poitiers,46.581111111111,0.33527777777778,place des Vosges,20 décembre 1831 ,10 août 1908
Paul de Rémusat,Paris,48.85666666666667,2.352222222222222,Paris,17 novembre 1831 ,22 janvier 1897
Pierre de Montgolfier-Verpilleux,Beaujeu,44.203333333333,6.3716666666667,Saint-Chamond,6 novembre 1831 ,23 janvier 1913
Anne-Charles Hérisson,Surgy,47.509166666667,3.515,Surgy,12 octobre 1831 ,23 novembre 1893
Octave de Bastard d'Estang,Enghien-les-Bains,48.969722222222,2.3080555555556,Montpellier,21 août 1831 ,11 mai 1884
Anatole Desbons,Jû-Belloc,43.582777777778,0.005,Maubourguet,20 juin 1831 ,25 septembre 1881
Henri de Champagny,Ploujean,48.6053,-3.8339,Pleumeur-Bodou,17 juin 1831 ,10 avril 1885
Paul Besson,Lons-le-Saunier,46.674444444444,5.5538888888889,Paris,5 juin 1831 ,20 juin 1902
Gaston Ganault,Laon,49.563333333333,3.6236111111111,Vorges,17 mai 1831 ,1er août 1894
Achille Delorme,Bellême,48.376388888889,0.56055555555556,Mortagne-au-Perche,13 avril 1831 ,10 août 1888
Augustin de Mornay,Paris,48.85666666666667,2.352222222222222,Fresneaux-Montchevreuil,27 mars 1831 ,15 septembre 1893
Henri Rochefort,Paris,48.85666666666667,2.352222222222222,Aix-les-Bains,31 janvier 1831 ,1er juillet 1913
Armand Bigot,Mayenne,48.30305555555555,-0.6136111111111112,Angers,18 janvier 1831 ,15 janvier 1914
Jules Grosjean,Paris,48.85666666666667,2.352222222222222,Montbéliard,10 décembre 1830 ,19 septembre 1901
Charles Gueidan,Vienne,45.525555555556,4.8747222222222,Vienne,26 octobre 1830 ,26 février 1924
Émile George,Ville-sur-Illon,48.179444444444,6.21,Paris,3 octobre 1830 ,14 avril 1903
Paul Émile Flye-Sainte-Marie,Vitry-le-François,48.724722222222,4.5844444444444,Arradon,21 septembre 1830 ,4 octobre 1896
Alfred de Meaux,Montbrison,45.6075,4.0652777777778,Écotay-l'Olme,18 septembre 1830 ,4 novembre 1907
Henri Fournier,Bourges,47.083611111111,2.3955555555556,Saint-Caprais,1er septembre 1830 ,
Antonin Lefèvre-Pontalis,Paris,48.85666666666667,2.352222222222222,Paris,19 août 1830 ,19 avril 1903
François Césaire de Mahy,Saint-Pierre,-21.341944444444,55.477777777778,Paris,22 juillet 1830 ,19 novembre 1906
Eugène Razoua,Beaumont-de-Lomagne,43.883055555556,0.98833333333333,Genève,16 juillet 1830 ,29 juin 1879
Albert Christophle,Domfront,49.603333333333,2.5552777777778,Paris,13 juillet 1830 ,23 janvier 1904
Paul de Salvandy,Paris,48.85666666666667,2.352222222222222,Paris,13 juillet 1830 ,30 mars 1908
Humbert Grange,Aiguebelle,45.5425,6.3052777777778,Savoie,8 mai 1830 ,16 mai 1889
Jacques Kablé,Brumath,48.731944444444,7.7083333333333,Strasbourg,7 mai 1830 ,7 avril 1887
René Bérenger,Bourg-lès-Valence,44.9475,4.8952777777778,Ardennes,22 avril 1830 ,29 août 1915
Ernest Cézanne,Embrun,44.565,6.4952777777778,Tours,24 mars 1830 ,21 juin 1876
Émile Guyot,Saint-Dizier,48.637777777778,4.9488888888889,Meudon,13 mars 1830 ,14 août 1906
Jean-Baptiste Othon Péconnet,Limoges,45.834444444444,1.2616666666667,Versailles,15 janvier 1830 ,23 mai 1871
Marc de Lassus,Toulouse,43.604444444444,1.4438888888889,Montréjeau,6 décembre 1829 ,19 août 1897
Achille Adam-Fontaine,Boulogne-sur-Mer,50.725555555556,1.6138888888889,Boulogne-sur-Mer,29 novembre 1829 ,9 février 1887
Alphonse Picart,Bignicourt-sur-Saulx,48.765555555556,4.7747222222222,Marne,8 novembre 1829 ,20 mai 1884
Adrien Joseph Prax-Paris,Montauban,44.017222222222,1.355,Tarn-et-Garonne,2 octobre 1829 ,22 septembre 1909
Léon Bonnel,Narbonne,43.184722222222,3.0036111111111,Narbonne,24 août 1829 ,18 janvier 1880
Auguste de Brettes-Thurin,Toulouse,43.604444444444,1.4438888888889,,24 août 1829 ,
Ambroise Jules Joubert-Bonnaire,Angers,47.472777777778,-0.55555555555556,Angers,20 août 1829 ,24 décembre 1890
Henri-Frédéric Lévêque,Léry,47.556666666667,4.8408333333333,Corgoloin,8 août 1829 ,24 janvier 1910
Jean Ernoul,Loudun,47.01,0.083611111111111,Haute-Vienne,5 août 1829 ,5 septembre 1899
Francisque Reymond,Montbrison,45.6075,4.0652777777778,16e arrondissement de Paris,15 mai 1829 ,1er juin 1905
Roger-Léon Anisson-Duperron,Paris,48.85666666666667,2.352222222222222,8e arrondissement de Paris,27 avril 1829 ,23 juin 1908
Léonce de Guiraud,Limoux,43.056944444444,2.2186111111111,Paris,23 mars 1829 ,28 juillet 1873
Alexis Lambert,Besançon,47.242222222222,6.0213888888889,Paris,30 janvier 1829 ,22 janvier 1877
Joseph Prosper André,Fillières,49.403333333333,5.8436111111111,Saint-Servan-sur-Mer,17 janvier 1829 ,14 juillet 1883
César Malens,Anneyron,45.271111111111,4.8877777777778,Grenoble,17 janvier 1829 ,2 février 1888
Agénor Bardoux,Bourges,47.083611111111,2.3955555555556,Paris,15 janvier 1829 ,23 novembre 1897
Augustin Tardieu,Arles,43.676944444444,4.6286111111111,Arles,23 décembre 1828 ,16 avril 1883
Joachim Murat,Paris,48.85666666666667,2.352222222222222,Lot,12 décembre 1828 ,13 mars 1904
Cornélis de Witt,Paris,48.85666666666667,2.352222222222222,abbaye du Val-Richer,20 novembre 1828 ,14 décembre 1889
Jean-Marie Georges Girard de Soubeyran,Paris,48.85666666666667,2.352222222222222,Paris,3 novembre 1828 ,2 février 1897
Pierre Lanfrey,Chambéry,45.566388888889,5.9208333333333,Pau,26 octobre 1828 ,15 novembre 1877
François Merveilleux du Vignaux,Poitiers,46.581111111111,0.33527777777778,,22 octobre 1828 ,4 mai 1914
Émile Keller,Belfort,47.6375,6.8627777777778,Paris,8 octobre 1828 ,20 février 1909
Alfred Chardon,Bonneville,46.078888888889,6.4008333333333,Bonneville,4 octobre 1828 ,10 août 1893
Charles Floquet,Saint-Jean-Pied-de-Port,43.164166666667,-1.2366666666667,Paris,2 octobre 1828 ,18 janvier 1896
René Goblet,Aire-sur-la-Lys,50.638611111111,2.3966666666667,Paris,26 septembre 1828 ,13 septembre 1905
Jules Rathier,Chablis,47.815,3.7969444444444,Yonne,7 septembre 1828 ,1er octobre 1887
Jean-Baptiste Billot,Chaumeil,45.456388888889,1.8816666666667,Paris,15 août 1828 ,31 mai 1907
Julien Melsheim,Rosheim,48.496666666667,7.4694444444444,Paris,12 août 1828 ,7 février 1901
Henri Tolain,Paris,48.85666666666667,2.352222222222222,Paris,18 juin 1828 ,3 mai 1897
Amable Ricard,Charenton-du-Cher,46.729722222222,2.6422222222222,Paris,12 juin 1828 ,11 mai 1876
Anselme Batbie,Seissan,43.492222222222,0.59305555555556,Paris,31 mai 1828 ,12 juin 1887
Alfred Deseilligny,Paris,48.85666666666667,2.352222222222222,Paris,9 mai 1828 ,17 avril 1875
César-Auguste Ginoux-Defermon,Paris,48.85666666666667,2.352222222222222,Moisdon-la-Rivière,20 avril 1828 ,21 mai 1889
Louis Godet de La Ribouillerie,L'Hermenault,46.519444444444,-0.90138888888889,château de L'Hermenault,4 avril 1828 ,5 janvier 1900
Émile de Marcère,Domfront,49.603333333333,2.5552777777778,Messei,16 mars 1828 ,26 avril 1918
Édouard Rencker,Colmar,48.081111111111,7.355,Belfort,24 décembre 1827 ,19 janvier 1888
Charles-Auguste Martenot,Ancy-le-Franc,47.776388888889,4.1627777777778,Commentry,11 décembre 1827 ,15 octobre 1900
Jean-Baptiste Alexandre Damaze de Chaudordy,Agen,44.203055555556,0.61861111111111,Paris,4 décembre 1827 ,26 mars 1899
Charles Lambert de Sainte-Croix,Paris,48.85666666666667,2.352222222222222,Paris,12 novembre 1827 ,27 octobre 1889
Joseph Philippe,Annecy,45.899166666667,6.1294444444444,Paris,30 octobre 1827 ,24 mars 1888
Philippe de Bourgoing La Beaume,Nevers,46.9925,3.1566666666667,Paris,22 octobre 1827 ,20 avril 1882
Charles Guinot,Saint-Denis-Hors,47.4,0.98333,rue de Lisbonne,17 octobre 1827 ,20 décembre 1893
Joseph-Augustin Boullier de Branche,Ernée,48.296944444444,-0.93277777777778,Ernée,10 octobre 1827 ,2 mars 1897
Arthur de La Borderie,Vitré,48.123333333333,-1.2094444444444,Vitré,5 octobre 1827 ,17 février 1901
Pierre Tirard,Genève,46.2,6.15,Paris,27 septembre 1827 ,4 novembre 1893
Jean-Hubert Bouché,Rostrenen,48.236388888889,-3.3169444444444,Pontivy,4 septembre 1827 ,28 avril 1915
,,48.236944444444,-3.3144444444444,,,
Albert Dauphin,Amiens,49.891944444444,2.2977777777778,Amiens,23 août 1827 ,14 novembre 1898
Charles d'Osmoy,Osmoy-Saint-Valery,49.796666666667,1.3222222222222,Bonneville-Aptot,19 août 1827 ,7 décembre 1894
Octave-Joseph d'Hespel,Haubourdin,50.609166666667,2.9869444444444,Wavrin,11 août 1827 ,20 avril 1885
Adrien Léon,Bordeaux,44.837777777778,-0.57944444444444,Bénac,4 août 1827 ,15 octobre 1896
Alfred Giraud,Fontenay-le-Comte,46.466944444444,-0.80638888888889,Fontenay-le-Comte,3 août 1827 ,9 juillet 1880
Paul-Armand Challemel-Lacour,Avranches,48.684444444444,-1.3569444444444,Paris,19 mai 1827 ,26 octobre 1896
Joseph Hèvre,Méru,49.235833333333,2.135,Mantes-la-Jolie,6 avril 1827 ,30 juillet 1907
Émile Lenoël,Carentan,49.303333333333,-1.2483333333333,Paris,23 mars 1827 ,23 octobre 1893
Léon Journault,Paris,48.85666666666667,2.352222222222222,Sèvres,24 février 1827 ,21 juillet 1892
Sosthène Patissier,Besson,46.47,3.2638888888889,Souvigny,4 février 1827 ,25 septembre 1910
Alfred Thomas,Saint-Masmes,49.311944444444,4.2625,Reims,29 octobre 1826 ,28 janvier 1899
Eugène Arrazat,Lodève,43.731666666667,3.3194444444444,Ganges,3 octobre 1826 ,24 septembre 1883
Charles Dietz-Monnin,Barr,48.408055555556,7.4497222222222,rue La Bruyère,13 septembre 1826 ,6 janvier 1896
Jules Warnier,Reims,49.265277777778,4.0286111111111,Reims,26 août 1826 ,21 juin 1899
Pierre Albert Tachard,Mulhouse,47.748611111111,7.3391666666667,Paris,30 juillet 1826 ,12 février 1919
Jean-Baptiste Cunit,Saint-Étienne,45.433888888889,4.3897222222222,Saint-Étienne,7 juillet 1826 ,2 janvier 1880
Charles Ernest Beulé,Saumur,47.259166666667,-0.078055555555556,Paris,29 juin 1826 ,4 avril 1874
Jules Gévelot,Paris,48.85666666666667,2.352222222222222,Bellou-en-Houlme,6 juin 1826 ,17 août 1904
Léon Say,Paris,48.85666666666667,2.352222222222222,Paris,6 juin 1826 ,21 avril 1896
Albert Ricot,Paris,48.85666666666667,2.352222222222222,Dampierre-lès-Conflans,5 mai 1826 ,23 février 1902
Henri Varroy,Vittel,48.201666666667,5.9494444444444,Les Forges,25 mars 1826 ,23 mars 1883
Louis Jacques La Caze,Paris,48.85666666666667,2.352222222222222,Lasseube,20 janvier 1826 ,1er novembre 1897
Ferdinand Moreau,Paris,48.85666666666667,2.352222222222222,Cannes,20 janvier 1826 ,26 mars 1884
Gustave Loustalot,Dax,43.706944444444,-1.0513888888889,Dax,4 janvier 1826 ,27 juillet 1898
Jules Bozérian,Paris,48.85666666666667,2.352222222222222,Paris,28 octobre 1825 ,9 mars 1893
Octave Depeyre,Cahors,44.4475,1.4405555555556,Paris,15 octobre 1825 ,29 septembre 1891
Alfred Koechlin-Steinbach,Mulhouse,47.748611111111,7.3391666666667,Mulhouse,19 septembre 1825 ,3 juillet 1872
Francisque-Joseph Ramey de Sugny,Saint-Romain-d'Urfé,45.887222222222,3.8277777777778,Paris,14 septembre 1825 ,12 juin 1908
Charles Mazeau,Dijon,47.323055555556,5.0419444444444,Paris,1er septembre 1825 ,8 février 1905
Charles-Jean-Joseph-Louis Decazes,Albi,43.928055555556,2.1458333333333,,28 août 1825 ,13 janvier 1897
Ernest Le Chatelain,Mayenne,48.30305555555555,-0.6136111111111112,Mayenne,1er juillet 1825 ,15 février 1890
Joseph Cheguillaume,Nantes,47.217222222222,-1.5538888888889,Cugand,18 juin 1825 ,18 février 1897
Gustave de Juigné,Paris,48.85666666666667,2.352222222222222,Paris,15 juin 1825 ,13 octobre 1900
Jean-Baptiste-Gédéon Charreyron,Bellac,46.121944444444,1.0494444444444,Bellac,7 juin 1825 ,21 août 1898
Eugène-Pierre de Fontaines,Fontenay-le-Comte,46.466944444444,-0.80638888888889,Foussais,15 mai 1825 ,25 juillet 1886
François Marc Godissart,Fort-de-France,14.6,-61.06666666666667,Paris,25 avril 1825 ,26 juin 1882
Ernest de Juigné,Paris,48.85666666666667,2.352222222222222,Paris,16 avril 1825 ,6 juin 1886
Émile Forsanz,Garlan,48.601111111111,-3.7572222222222,Versailles,16 avril 1825 ,11 août 1882
Édouard Morisson de La Bassetière,Saint-Julien-des-Landes,46.640833333333,-1.7133333333333,Saint-Julien-des-Landes,9 mars 1825 ,23 octobre 1885
Louis Étienne Delille,Guéret,46.170555555556,1.8683333333333,Tardes,24 février 1825 ,19 juillet 1890
Frédéric Mestreau,Saint-Pierre-d'Oléron,45.943611111111,-1.3058333333333,Saint-Georges-de-Didonne,15 février 1825 ,19 septembre 1891
Charles Loysel,Rennes,48.114166666667,-1.6808333333333,Paris,14 février 1825 ,5 mars 1889
Louis Lempereur de Saint-Pierre,Dole,47.092222222222,5.4897222222222,,4 février 1825 ,2 février 1889
Jean Mercier,Nantua,46.153333333333,5.6061111111111,Nantua,10 janvier 1825 ,20 décembre 1899
Louis Babin-Chevaye,Nantes,47.217222222222,-1.5538888888889,Nantes,2 novembre 1824 ,6 avril 1887
Alphonse-Alfred Haëntjens,Nantes,47.217222222222,-1.5538888888889,Paris,11 juin 1824 ,11 avril 1884
Gabriel Louis de Saint-Victor,Lyon,45.758888888889,4.8413888888889,Rome,24 mars 1824 ,12 mars 1893
Joseph Nelson Soye,Eauze,43.861388888889,0.10138888888889,Ardennes,3 mars 1824 ,4 octobre 1882
Armand Étienne Méplain,Cusset,46.134444444444,3.4563888888889,Moulins,28 janvier 1824 ,1er février 1906
Théophile Nicolas Noblot,Arconville,48.162777777778,4.7225,Nancy,10 janvier 1824 ,17 juin 1891
Joseph-Pierre Magnin,Dijon,47.323055555556,5.0419444444444,Paris,1er janvier 1824 ,22 novembre 1910
Suzanne Melvil-Bloncourt,Pointe-à-Pitre,16.241111111111,-61.533055555556,Paris,23 novembre 1823 ,9 novembre 1880
Gaston d'Audiffret-Pasquier,Paris,48.85666666666667,2.352222222222222,Paris,20 octobre 1823 ,4 juin 1905
Albert Castelnau,Montpellier,43.610919444444,3.8772305555556,Montpellier,25 septembre 1823 ,6 octobre 1877
Gaspard Médecin,Menton,43.774722222222,7.4997222222222,Nice,22 septembre 1823 ,21 avril 1892
Albert Grévy,Mont-sous-Vaudrey,46.980277777778,5.6022222222222,Mont-sous-Vaudrey,23 août 1823 ,10 juillet 1899
Désiré Barodet,Sermesse,46.900277777778,5.0877777777778,Vincelles,27 juillet 1823 ,18 avril 1906
Alexandre Jullien,Lyon,45.758888888889,4.8413888888889,Saint-Clair-du-Rhône,23 juillet 1823 ,4 février 1898
Félix du Temple,Lorris,47.889166666667,2.5130555555556,7e arrondissement de Paris,18 juillet 1823 ,4 novembre 1890
Léon Laurent-Pichat,Paris,48.85666666666667,2.352222222222222,Paris,11 juillet 1823 ,12 juin 1886
Louis Cyprien Poujade,Canet-de-Salars,44.235555555556,2.7541666666667,Carpentras,1er juillet 1823 ,14 octobre 1898
Edmond de Pressensé,Paris,48.85666666666667,2.352222222222222,13e arrondissement de Paris,21 juin 1823 ,8 avril 1891
Jean Lamorte,Die,44.753611111111,5.3702777777778,Die,7 juin 1823 ,29 avril 1884
Bernard Roudier,Juillac,44.811111111111,0.04,Juillac,25 avril 1823 ,11 janvier 1896
Ambroise Vente,Paris,48.85666666666667,2.352222222222222,Paris,2 avril 1823 ,19 décembre 1882
Alfred Chanzy,Nouart,49.44,5.0497222222222,Châlons-en-Champagne,18 mars 1823 ,4 janvier 1883
Pierre Louis Jérôme Gustave de Combarieu,Lauzerte,44.255833333333,1.1375,La Buisse,7 mars 1823 ,9 novembre 1897
Pierre Dufaur de Gavardie,Rouen,49.443055555556,1.1025,,2 février 1823 ,18 mai 1910
Charles Lepère,Auxerre,47.7975,3.5669444444444,Auxerre,1er février 1823 ,6 septembre 1885
Auguste Le Provost de Launay,Saint-Brieuc,48.513611111111,-2.7602777777778,Pommerit-Jaudy,25 janvier 1823 ,30 mars 1886
Aristide Denfert-Rochereau,Saint-Maixent-l'École,46.412777777778,-0.20805555555556,Versailles,11 janvier 1823 ,11 mai 1878
Jean Adnet,Donzacq,43.656388888889,-0.80416666666667,Trie-sur-Baïse,4 décembre 1822 ,12 février 1900
Eugène Caillaux,Orléans,47.902222222222,1.9041666666667,Paris,8 septembre 1822 ,8 août 1896
Edmond Tiersot,Bourg-en-Bresse,46.204722222222,5.2280555555556,Paris,29 août 1822 ,21 janvier 1883
Charles-André Seignobos,Empurany,45.024444444444,4.6086111111111,Paris,25 août 1822 ,28 juin 1892
Jean-Baptiste Lafon de Fongauffier,Sagelat,44.787222222222,1.0119444444444,Sagelat,21 août 1822 ,14 décembre 1893
Charles Alfred de Janzé,Paris,48.85666666666667,2.352222222222222,Paris,15 août 1822 ,26 avril 1892
Charles Dupont de l'Eure,Évreux,49.023333333333,1.1525,Magnac-Laval,24 juillet 1822 ,9 janvier 1872
Gustave Humbert,Metz,49.119722222222,6.1769444444444,Beauzelle,28 juin 1822 ,24 septembre 1894
Lucien Brun,Gex,46.333333333333,6.0577777777778,Paris,2 juin 1822 ,28 novembre 1898
Césaire Léon Amaudric du Chaffaut,Digne-les-Bains,44.0925,6.2355555555556,Digne-les-Bains,19 mai 1822 ,6 juin 1884
Marie-Edmond Valentin,Strasbourg,48.573333333333,7.7522222222222,Paris,27 avril 1822 ,31 octobre 1879
Marie de La Bouillerie,Paris,48.85666666666667,2.352222222222222,château de la Roche-Hue,26 mars 1822 ,24 septembre 1894
Jean Placide Turigny,Chantenay-Saint-Imbert,46.732777777778,3.1841666666667,Nièvre,17 janvier 1822 ,1er août 1905
Frédéric Hartmann,Munster,48.915555555556,6.9058333333333,Paris,4 janvier 1822 ,3 juin 1880
Ernest Picard,Paris,48.85666666666667,2.352222222222222,Paris,24 décembre 1821 ,13 mai 1877
Delphe-Auguste Labitte,Clermont,49.378888888889,2.4125,Neuilly-sur-Seine,30 novembre 1821 ,21 mars 1891
Charles Brun,Toulon,43.125,5.9305555555556,Paris,22 novembre 1821 ,13 janvier 1897
Honoré Reverchon,Morez,46.521944444444,6.0222222222222,Blagny,13 novembre 1821 ,18 août 1894
Gabriel de Belcastel,Toulouse,43.604444444444,1.4438888888889,Colomiers,26 octobre 1821 ,20 janvier 1890
Louis Laget,Meyrueis,44.178333333333,3.4294444444444,Nîmes,30 septembre 1821 ,28 novembre 1882
Charles Émile Alexandre,Morlaix,48.5775,-3.8277777777778,Charnay-lès-Mâcon,23 août 1821 ,9 janvier 1890
Adolphe Fraissinet,Marseille,43.296666666667,5.3763888888889,Marseille,19 juillet 1821 ,21 décembre 1893
Albert de Broglie,Paris,48.85666666666667,2.352222222222222,Paris,13 juin 1821 ,19 janvier 1901
Séverin Paul Abbatucci,Zicavo,41.907222222222,9.1302777777778,Olmeto,1er juin 1821 ,22 juin 1888
Jules Derégnaucourt,Roubaix,50.69,3.1816666666667,Roubaix,28 mai 1821 ,24 avril 1876
Jacques-Robert de Pourtalès,Paris,48.85666666666667,2.352222222222222,château de Bandeville,19 avril 1821 ,3 septembre 1874
Alexandre Robinet de La Serve,Paris,48.85666666666667,2.352222222222222,Marseille,30 mars 1821 ,3 février 1882
Pierre Eugène Flottard,Saint-Étienne,45.433888888889,4.3897222222222,,21 mars 1821 ,10 janvier 1910
Paul-Louis Target,Lisieux,49.145555555556,0.22555555555556,Saint-Désir,7 mars 1821 ,28 mars 1908
Amédée de Gouvello,Vendôme,47.792777777778,1.0655555555556,château de Kerlevénan,22 février 1821 ,25 août 1907
Jules Cazot,Alès,44.127222222222,4.0808333333333,Saint-Hilaire-de-Brethmas,11 février 1821 ,27 novembre 1912
Jean-Louis Lepouzé,Cintray,48.795277777778,0.89083333333333,Évreux,20 janvier 1821 ,16 février 1882
Charles Gustave Albert Boell,Oberotterbach,49.071111111111,7.9705555555556,Wissembourg,17 décembre 1820 ,4 décembre 1872
Léonce Destremx,Alès,44.127222222222,4.0808333333333,Saint-Christol-lez-Alès,5 décembre 1820 ,5 mai 1901
Edmond Doré-Graslin,Nantes,47.217222222222,-1.5538888888889,Nantes,19 novembre 1820 ,26 août 1899
Charles Rioust de Largentaye,Pluduno,48.530833333333,-2.2680555555556,Saint-Brieuc,26 octobre 1820 ,18 décembre 1883
Denis Gavini,Campile,42.4925,9.3536111111111,Paris,8 octobre 1820 ,2 mars 1916
Charles-Marie de Bryas,Paris,48.85666666666667,2.352222222222222,Cannes,3 octobre 1820 ,16 février 1879
Alfred Monnet,Mougon,46.295833333333,-0.28805555555556,Paris,1er octobre 1820 ,8 juin 1890
Augustin Pouyer-Quertier,Étoutteville,49.676666666667,0.78416666666667,Rouen,2 septembre 1820 ,2 avril 1891
Théobald Dezanneau,Nantes,47.217222222222,-1.5538888888889,Nantes,1er septembre 1820 ,8 octobre 1875
Pierre Nioche,Loches,47.128611111111,0.99527777777778,Bossay-sur-Claise,8 août 1820 ,21 mai 1902
Jules de Vinols de Montfleury,Craponne-sur-Arzon,45.330833333333,3.8480555555556,Le Puy-en-Velay,30 juin 1820 ,1er avril 1901
Amédée Beau,Paris,48.85666666666667,2.352222222222222,Orne,24 juin 1820 ,21 décembre 1909
Jean-Paul-Auguste Journu,Bordeaux,44.837777777778,-0.57944444444444,Bordeaux,16 juin 1820 ,21 novembre 1875
Charles Chesnelong,Orthez,43.488055555556,-0.77083333333333,Orthez,14 avril 1820 ,22 juillet 1899
Charles Ferdinand Gambon,Bourges,47.083611111111,2.3955555555556,Cosne-Cours-sur-Loire,19 mars 1820 ,16 septembre 1887
Alphonse Cordier,Écouché,48.717777777778,-0.12472222222222,6e arrondissement de Paris,27 février 1820 ,10 janvier 1897
Jean Louis Henri Villain,Le Catelet,50.002222222222,3.2441666666667,Aisne,27 décembre 1819 ,19 janvier 1886
Constantin Bergondi,Valdeblore,44.070833333333,7.1711111111111,Nice,14 décembre 1819 ,6 mai 1874
Auguste Ernest d'Aboville,Paris,48.85666666666667,2.352222222222222,Malesherbes,4 décembre 1819 ,14 octobre 1885
Ferdinand Ducarre,Lhuis,45.746666666667,5.5333333333333,1er arrondissement de Lyon,21 novembre 1819 ,1er juillet 1883
Émile Fourcand,Bordeaux,44.837777777778,-0.57944444444444,Tresses,14 novembre 1819 ,2 septembre 1881
Auguste de Talhouët-Roy,Paris,48.85666666666667,2.352222222222222,château du Lude,11 octobre 1819 ,11 mai 1884
Adolphe Cochery,Paris,48.85666666666667,2.352222222222222,Paris,26 août 1819 ,13 octobre 1900
Louis Alban Ganivet,Angoulême,45.649444444444,0.15944444444444,Paris,12 août 1819 ,28 mars 1888
Hyacinthe de Boisboissel,Albi,43.928055555556,2.1458333333333,Olivet,26 juillet 1819 ,17 août 1881
Adolphe-Charles de Partz de Pressy,Équirre,50.4725,2.2366666666667,Pas-de-Calais,3 juillet 1819 ,1er juin 1910
Pierre Louis Tribert,Poitiers,46.581111111111,0.33527777777778,Marçay,29 juin 1819 ,15 juin 1899
Victor Gaultier de Vaucenay,Laval,48.072777777778,-0.77,Laval,25 mai 1819 ,1er juin 1894
Achille d'Arfeuillères,Millevaches,45.641388888889,2.0952777777778,Peyrelevade,9 mai 1819 ,30 mars 1880
Alphonse Bottard,Châteauroux,46.809722222222,1.6902777777778,Indre,16 avril 1819 ,18 septembre 1886
Frédéric Arnaud,Saint-Girons,42.984722222222,1.1458333333333,Versailles,8 avril 1819 ,30 mai 1878
Ferdinand Mathieu,Coblence,50.359722222222,7.5977777777778,Paris,19 mars 1819 ,4 janvier 1878
Augustin Marie Morvan,Lannilis,48.569722222222,-4.5194444444444,Douarnenez,7 février 1819 ,20 mars 1897
Amédée Jérôme Langlois,Paris,48.85666666666667,2.352222222222222,Paris,7 janvier 1819 ,25 septembre 1902
Gustave Steinheil,Strasbourg,48.573333333333,7.7522222222222,Rothau,19 décembre 1818 ,8 février 1906
Charles Rolland,Mâcon,46.306666666667,4.8319444444444,Mâcon,4 novembre 1818 ,25 octobre 1876
Louis Buffet,Mirecourt,48.298611111111,6.1302777777778,Paris,26 octobre 1818 ,7 juillet 1898
Eugène Goüin,Saint-Symphorien,47.4292,0.69452,8e arrondissement de Paris,18 septembre 1818 ,31 mai 1909
Armand Caduc,Ladaux,44.700555555556,-0.24444444444444,Cauterets,13 septembre 1818 ,25 août 1902
Pierre Auguste Roy de Loulay,Asnières-la-Giraud,45.889166666667,-0.52111111111111,Paris,26 août 1818 ,21 février 1896
,,45.88972,-0.52115,,,
François d'Orléans,Neuilly-sur-Seine,48.887222222222,2.2675,Paris,14 août 1818 ,16 juin 1900
Charles Lherminier,Alençon,48.429722222222,0.091944444444444,Alençon,22 juillet 1818 ,13 décembre 1896
Louis Faidherbe,Lille,50.631944444444,3.0575,Paris,3 juin 1818 ,28 septembre 1889
Jules Barni,Lille,50.631944444444,3.0575,Mers-les-Bains,1er juin 1818 ,4 juillet 1878
Max Richard,Paris,48.85666666666667,2.352222222222222,Angers,30 avril 1818 ,8 décembre 1901
Louis Maurice Antoine Clerc,La Sône,45.111388888889,5.2780555555556,Valence,24 avril 1818 ,5 février 1892
Jean-Marie Allenou,Quintin,48.403611111111,-2.9094444444444,Biarritz,22 avril 1818 ,20 juillet 1880
Arthur de Cumont,Angers,47.472777777778,-0.55555555555556,Saint-Georges-sur-Loire,19 avril 1818 ,10 février 1902
Jean-Baptiste Millière,Lamarche-sur-Saône,47.269444444444,5.3852777777778,5e arrondissement de Paris,13 décembre 1817 ,26 mai 1871
François-Antoine-Adolphe Puvis de Chavannes,Cuiseaux,46.494166666667,5.3877777777778,Bordeaux,1er décembre 1817 ,8 mars 1871
François de La Roche-Aymon,Paris,48.85666666666667,2.352222222222222,Creuse,29 novembre 1817 ,16 novembre 1891
Alphonse Lepetit,Poitiers,46.581111111111,0.33527777777778,Poitiers,25 novembre 1817 ,31 août 1877
Arthur Rivaille,Saint-Martin-de-Ré,46.203055555556,-1.3672222222222,Saint-Xandre,20 novembre 1817 ,29 septembre 1879
Louis François Mazerat,Nontron,45.529444444444,0.66166666666667,Périgueux,21 septembre 1817 ,1er mai 1881
Jean-Baptiste Boffinton,Bordeaux,44.837777777778,-0.57944444444444,Arcachon,27 août 1817 ,11 décembre 1899
Marie Théophile de Rodez-Benavent,Montpellier,43.610919444444,3.8772305555556,Hérault,27 août 1817 ,13 septembre 1883
Eugène de Diesbach de Belleroche,Saint-Germain-en-Laye,48.896388888889,2.0905555555556,Pas-de-Calais,10 juillet 1817 ,20 août 1905
François Ducuing,Izaux,43.062222222222,0.37638888888889,Asnières-sur-Seine,23 mai 1817 ,2 octobre 1875
Pierre Joseph Benoit du Buis,Couzeix,45.876111111111,1.2386111111111,Le Buis,14 mars 1817 ,25 juin 1897
Auguste-Alexandre Ducrot,Nevers,46.9925,3.1566666666667,Versailles,24 février 1817 ,16 août 1882
Jean-Baptiste André Godin,Esquéhéries,49.983888888889,3.7463888888889,Guise,26 janvier 1817 ,15 janvier 1888
Jean-Baptiste Krantz,Arches,45.305833333333,2.3275,rue La Bruyère,17 janvier 1817 ,13 mars 1899
Louis Baucarne-Leroux,Roubaix,50.69,3.1816666666667,Paris,6 janvier 1817 ,22 novembre 1888
Pierre Mathieu-Bodet,Saint-Saturnin,45.659444444444,3.0922222222222,Paris,16 décembre 1816 ,28 janvier 1911
Albert de Rességuier,Toulouse,43.604444444444,1.4438888888889,Paris,27 novembre 1816 ,18 décembre 1902
Edmond Adam,Le Bec-Hellouin,49.231666666667,0.72083333333333,Paris,19 novembre 1816 ,14 juin 1877
Marcel Jacques Lucet,Limousis,43.333888888889,2.4013888888889,Saint-Cloud,21 octobre 1816 ,10 juillet 1883
Jean-Baptiste Drouin,Tomblaine,48.685555555556,6.2116666666667,Paris,2 septembre 1816 ,11 mars 1898
Armand de Pioger,Saint-Vincent-sur-Oust,47.699722222222,-2.1463888888889,château de Boro,1er août 1816 ,26 avril 1902
Théophile Roussel,Saint-Chély-d'Apcher,44.803055555556,3.2758333333333,château d'Orfeuillette,27 juillet 1816 ,27 septembre 1903
Philippe Le Royer,Genève,46.2,6.15,Paris,27 juin 1816 ,22 février 1897
Henri Pierre Flaud,Dinan,48.455555555556,-2.0502777777778,Dinan,30 avril 1816 ,13 août 1874
Louis Chauffour,Colmar,48.081111111111,7.355,Paris,8 avril 1816 ,5 juillet 1888
Ernest Le Lasseux,La Flèche,47.699722222222,-0.076111111111111,Laval,14 mars 1816 ,1er juin 1878
Simon Pierre Louis Auguste Lebrun,Blet,46.895277777778,2.7313888888889,,7 janvier 1816 ,
Pierre Joigneaux,Ruffey-lès-Beaune,47.018888888889,4.9138888888889,Asnières-sur-Seine,23 décembre 1815 ,25 janvier 1892
Édouard Deligny,Ballan-Miré,47.341666666667,0.61305555555556,Indre-et-Loire,12 décembre 1815 ,23 février 1902
Anselme Lebas,Decize,46.829166666667,3.4613888888889,Nièvre,1er décembre 1815 ,17 décembre 1874
Pierre Lefranc,Montmirey-la-Ville,47.216944444444,5.52,Versailles,26 novembre 1815 ,16 juin 1877
Taxile Delord,Avignon,43.948611111111,4.8083333333333,Paris,25 novembre 1815 ,13 mai 1877
Antoine Carion,Dijon,47.323055555556,5.0419444444444,Saint-Josse-ten-Noode,24 novembre 1815 ,26 juin 1875
Louis Pierre Alexis Pothuau,Paris,48.85666666666667,2.352222222222222,Paris,28 octobre 1815 ,7 octobre 1882
Alexandre de Plœuc,Quimper,47.995833333333,-4.0977777777778,Briec,7 octobre 1815 ,25 août 1887
Antoine Cauvel de Beauvillé,Montdidier,48.929444444444,6.8172222222222,Menton,30 septembre 1815 ,18 février 1898
Laurent-François de Gouvion-Saint-Cyr,Paris,48.85666666666667,2.352222222222222,Paris,30 septembre 1815 ,1er février 1904
Vincent Audren de Kerdrel,Lorient,47.745833333333,-3.3663888888889,Paris,27 septembre 1815 ,22 décembre 1899
Louis d'Auberjon,Gramazie,43.139166666667,2.0969444444444,Toulouse,10 septembre 1815 ,26 avril 1873
Philibert Bernard de La Guiche,Gurcy-le-Châtel,48.470833333333,3.0869444444444,Paris,30 août 1815 ,9 mars 1891
Oscar du Motier de La Fayette,Paris,48.85666666666667,2.352222222222222,Paris,20 août 1815 ,26 mars 1881
Henri Calluaud,Marseille,43.296666666667,5.3763888888889,Bordeaux,8 août 1815 ,25 février 1871
Sébastien Courcelle,Vesoul,47.622222222222,6.1552777777778,Paris,6 juillet 1815 ,8 juin 1903
Jean-François-Charles Dufay,Blois,47.593055555556,1.3272222222222,Blois,24 juin 1815 ,6 juillet 1898
Louis Jules Trochu,Le Palais,47.346388888889,-3.1552777777778,Tours,12 mai 1815 ,7 octobre 1896
Edmond Schérer,Paris,48.85666666666667,2.352222222222222,Versailles,8 avril 1815 ,16 mars 1889
Pascal Pierre Duprat,Hagetmau,43.655277777778,-0.59361111111111,mer,24 mars 1815 ,17 août 1885
Alexandre Alfred Chatelain,Azay-le-Rideau,47.261388888889,0.46611111111111,Paris,12 mars 1815 ,18 novembre 1894
Alexandre Courbet-Poulard,Abbeville,50.105277777778,1.8352777777778,Abbeville,12 mars 1815 ,11 décembre 1883
Marc Antoine Calmon,Tamniès,44.965833333333,1.1494444444444,Paris,3 mars 1815 ,12 octobre 1890
Joseph Andrieu,Paris,48.85666666666667,2.352222222222222,Oran,11 février 1815 ,8 janvier 1872
Émile Küss,Strasbourg,48.573333333333,7.7522222222222,Bordeaux,1er février 1815 ,1er mars 1871
Joseph Arsène Blavoyer,Troyes,48.298888888889,4.0780555555556,Troyes,28 janvier 1815 ,11 août 1884
Jérôme Galloni d'Istria,Olmeto,41.717222222222,8.9183333333333,Olmeto,20 janvier 1815 ,14 avril 1890
Jacques Étienne de Laurenceau,Poitiers,46.581111111111,0.33527777777778,Vouillé,10 janvier 1815 ,5 septembre 1873
Eugène Rouher,Riom,45.893611111111,3.1125,Paris,30 novembre 1814 ,3 février 1884
Jean-Baptiste Chavassieu,Montbrison,45.6075,4.0652777777778,Montbrison,16 octobre 1814 ,21 février 1891
Henri Guy Delavau,Saumur,47.259166666667,-0.078055555555556,Saumur,11 octobre 1814 ,22 juin 1885
Pierre-Frédéric Mettetal,Glay,47.405555555556,6.8902777777778,,28 septembre 1814 ,18 avril 1879
Louis Gallicher,Lissay-Lochy,46.972222222222,2.4066666666667,Vierzon,10 septembre 1814 ,25 février 1885
Pierre Edmond Teisserenc de Bort,Châteauroux,46.809722222222,1.6902777777778,Paris,4 septembre 1814 ,29 juillet 1892
Louis de Willecot de Rincquesen,Boulogne-sur-Mer,50.725555555556,1.6138888888889,Pas-de-Calais,25 août 1814 ,13 août 1873
Henry de Valady,Rodez,44.35,2.5741666666667,Golinhac,13 août 1814 ,18 novembre 1897
Charles Plichon,Bailleul,50.029166666667,1.8497222222222,Paris,28 juin 1814 ,3 juin 1888
Louis-Amédée Humbert,Metz,49.119722222222,6.1769444444444,Nancy,23 juin 1814 ,6 février 1876
Gaspard-Marie-Jacques-Ernest de Roquemaurel de Saint-Cernin,Oust,42.875,1.215,Versailles,15 juin 1814 ,18 mars 1875
Louis Rehm,Mayence,49.99944444444444,8.27361111111111,Pagny-sur-Moselle,23 mai 1814 ,21 juin 1885
François Clément Sauvage,Sedan,49.701944444444,4.9402777777778,Paris,4 avril 1814 ,11 novembre 1872
François Auguste Dubois,Arnay-le-Duc,47.131666666667,4.4861111111111,Paris,28 mars 1814 ,2 décembre 1888
Paul Mayaud,Saumur,47.259166666667,-0.078055555555556,château de la Tremblaye,15 mars 1814 ,21 décembre 1881
Paul de Lestapis,Pau,43.300833333333,-0.37,Pau,3 février 1814 ,3 janvier 1891
Joseph Pierre Robert,Gimnée,50.1331,4.715,,28 janvier 1814 ,28 avril 1904
Charles Jacques Charreyron,Bellac,46.121944444444,1.0494444444444,,27 décembre 1813 ,9 décembre 1871
Pierre Augustin Monteil,Bergerac,44.851111111111,0.48194444444444,Bergerac,2 décembre 1813 ,21 novembre 1892
Eugène Pelletan,Saint-Palais-sur-Mer,45.643333333333,-1.0883333333333,Paris,29 octobre 1813 ,13 décembre 1884
Alphonse Gent,Roquemaure,44.051666666667,4.7783333333333,Paris,27 octobre 1813 ,26 janvier 1894
Armand Huchet de Cintré,Rennes,48.114166666667,-1.6808333333333,Ille-et-Vilaine,26 octobre 1813 ,13 octobre 1882
Jean-François Édouard Glas,Givors,45.590555555556,4.7688888888889,2e arrondissement de Lyon,3 octobre 1813 ,25 juin 1896
Louis Martel,Saint-Omer,50.748333333333,2.2608333333333,Évreux,15 septembre 1813 ,4 mars 1892
Henri Amat,Marseille,43.296666666667,5.3763888888889,Marseille,20 août 1813 ,30 mai 1891
François de Lespérut,Paris,48.85666666666667,2.352222222222222,Chaumont,5 août 1813 ,9 octobre 1873
Étienne Bouisson,Mauguio,43.616388888889,4.0075,Montpellier,14 juin 1813 ,26 mai 1884
Louis-Édouard Fouler de Relingue,Versailles,48.805,2.135,Pas-de-Calais,11 mai 1813 ,30 avril 1874
Jean Duportail,Ornex,46.276111111111,6.0933333333333,Versailles,10 mai 1813 ,13 janvier 1875
Charles Cherpin,Sevelinges,46.098333333333,4.2958333333333,Roanne,8 mars 1813 ,12 novembre 1884
Martial Delpit,Cahuzac,44.66,0.55916666666667,Paris,25 février 1813 ,12 mai 1887
Charles Victor Frébault,Limon,46.968888888889,3.3791666666667,Paris,1er février 1813 ,6 février 1888
Marcel Barthe,Pau,43.300833333333,-0.37,Pau,15 janvier 1813 ,16 février 1900
Henri Wallon,Valenciennes,50.35805555555555,3.5233333333333334,Paris,23 décembre 1812 ,13 novembre 1904
Charles Étienne Conti,Ajaccio,41.925555555556,8.7363888888889,Paris,31 octobre 1812 ,13 février 1872
‎Pierre-Auguste Callet,Saint-Étienne,45.433888888889,4.3897222222222,,27 octobre 1812 ,8 janvier 1883
Emmanuel Arago,Paris,48.85666666666667,2.352222222222222,Paris,6 août 1812 ,26 novembre 1896
Henri Louis Marie de Durfort-Civrac,Beaupréau,47.201944444444,-0.99444444444444,Paris,26 juillet 1812 ,21 février 1884
Alphonse Peyrat,Toulouse,43.604444444444,1.4438888888889,,21 juin 1812 ,31 décembre 1890
Charles-Alfred Bertauld,Verson,49.155,-0.4525,Paris,9 juin 1812 ,8 avril 1882
Constantin-Achille Descat,Roubaix,50.69,3.1816666666667,Roubaix,2 mai 1812 ,12 mai 1878
Léon Vimal-Dessaignes,Ambert,45.549444444444,3.7416666666667,Ambert,16 avril 1812 ,23 mars 1886
Alphonse Esquiros,Paris,48.85666666666667,2.352222222222222,Versailles,23 mars 1812 ,12 mai 1876
Jean-Jacques Durrieu,Mauriac,45.218888888889,2.3336111111111,Paris,19 février 1812 ,15 juin 1885
Charles de La Monneraye,Rennes,48.114166666667,-1.6808333333333,Vannes,3 février 1812 ,12 mars 1904
Léon de La Sicotière,Valframbert,48.463888888889,0.10805555555556,Alençon,3 février 1812 ,1er mars 1895
Victor de Laprade,Montbrison,45.6075,4.0652777777778,2e arrondissement de Lyon,13 janvier 1812 ,13 décembre 1883
Louis Auguste Broët,Bourg-Saint-Andéol,44.373333333333,4.6441666666667,Paris,31 décembre 1811 ,10 février 1884
Louis Chassaignac de Latrade,Aubas,45.081666666667,1.1908333333333,Corrèze,25 novembre 1811 ,26 décembre 1883
Raymond Ferréol Lespinasse,Moissac,44.104722222222,1.0852777777778,Paris,24 novembre 1811 ,19 novembre 1899
Pierre Eugène Lesguillon,Gien,47.698055555556,2.625,Paris,28 octobre 1811 ,23 décembre 1880
Fortuné Brousses,Limoux,43.056944444444,2.2186111111111,Versailles,11 octobre 1811 ,19 juin 1873
Victor Pellissier,Mâcon,46.306666666667,4.8319444444444,Chaintré,16 juillet 1811 ,30 juillet 1884
Frédéric Titot,Paris,48.85666666666667,2.352222222222222,Colmar,5 juin 1811 ,12 février 1888
Hippolyte-Louis de Lorgeril,Trébédan,48.399722222222,-2.1713888888889,Trébédan,24 mai 1811 ,5 juillet 1888
Jean-Louis Buée,Rouen,49.443055555556,1.1025,Elbeuf,15 mai 1811 ,18 mai 1881
Marc Dufraisse,Ribérac,45.246944444444,0.33888888888889,Paris,10 mai 1811 ,22 janvier 1876
Guillaume-Ferdinand de Douhet,Clermont-Ferrand,45.779722222222,3.0869444444444,Versailles,21 avril 1811 ,12 août 1884
Charles Boersch,Strasbourg,48.573333333333,7.7522222222222,Nancy,12 mars 1811 ,25 mai 1871
Édouard Bocher,Paris,48.85666666666667,2.352222222222222,Paris,16 février 1811 ,2 mai 1900
Édouard Lefebvre de Laboulaye,Paris,48.85666666666667,2.352222222222222,Paris,18 janvier 1811 ,25 mai 1883
Henri Lévesque de Puiberneau,Saint-Sornin,45.768333333333,-0.97888888888889,château de Buchignon,2 janvier 1811 ,13 février 1890
Émile de Kermenguy,Saint-Pol-de-Léon,48.685277777778,-3.9863888888889,Paris,1er décembre 1810 ,27 novembre 1893
François Carquet,Moûtiers,45.485,6.5338888888889,Paris,22 novembre 1810 ,23 février 1891
Jules de Lasteyrie,Courpalay,48.648333333333,2.9594444444444,Paris,29 octobre 1810 ,14 novembre 1883
Félix Pyat,Vierzon,47.221944444444,2.0683333333333,Saint-Gratien,4 octobre 1810 ,3 août 1889
Paul Alexandre Robert de Massy,Orléans,47.902222222222,1.9041666666667,Orléans,29 septembre 1810 ,16 mars 1890
Gabriel Moulin,Clermont-Ferrand,45.779722222222,3.0869444444444,Clermont-Ferrand,26 septembre 1810 ,24 avril 1873
Adolphe Boisse,Rodez,44.35,2.5741666666667,Rodez,16 septembre 1810 ,18 janvier 1896
Henri Gabriel Pétau-Grancourt,Orléans,47.902222222222,1.9041666666667,Paris,6 septembre 1810 ,1er mai 1881
Louis Wolowski,Varsovie,52.23,21.011111111111113,Gisors,31 août 1810 ,14 août 1876
Adrien Tailhand,Aubenas,44.619722222222,4.3902777777778,Aubenas,1er juillet 1810 ,8 octobre 1889
Louis de Carbonnier de Marzac,Saint-Cyprien,44.869722222222,1.0436111111111,Lectoure,11 mai 1810 ,3 novembre 1875
Paul de Pasquier de Franclieu,Senlis,49.207222222222,2.5866666666667,Versailles,7 avril 1810 ,14 novembre 1877
Ignace François Albrecht,Sand,48.382777777778,7.6133333333333,Sélestat,8 février 1810 ,22 mai 1884
Louis Greppo,Pouilly-le-Monial,45.957222222222,4.6466666666667,rue des Minimes,8 janvier 1810 ,27 août 1888
Auguste Warnier,Rocroi,49.925277777778,4.5213888888889,Versailles,8 janvier 1810 ,15 mars 1875
Armand Casimir Victor de Kersauzon de Pennendreff,Plourin,48.509444444444,-4.6869444444444,Brest,4 novembre 1809 ,23 avril 1871
Charles Delescluze,Dreux,48.736388888889,1.3655555555556,Paris,2 octobre 1809 ,25 mai 1871
Marc-Antoine Brillier,Heyrieux,45.629166666667,5.0633333333333,Vienne,2 août 1809 ,26 février 1888
Étienne Vacherot,Torcenay,47.814722222222,5.4647222222222,Paris,29 juillet 1809 ,29 juillet 1897
Auguste Louvet,Paris,48.85666666666667,2.352222222222222,Paris,16 juillet 1809 ,11 février 1876
Jules Favre,Lyon,45.758888888889,4.8413888888889,Versailles,21 mars 1809 ,19 janvier 1880
Victor Lefranc,Garlin,43.560833333333,-0.27138888888889,Montsoué,2 mars 1809 ,13 septembre 1883
,,43.55927,-0.27321,,,
Amédée de Savignhac,Draguignan,43.539444444444,6.4661111111111,Bordeaux,20 février 1809 ,23 février 1871
Léonce Guilhaud de Lavergne,Bergerac,44.851111111111,0.48194444444444,Versailles,24 janvier 1809 ,18 janvier 1880
Martin Fourichon,Thiviers,45.4175,0.92138888888889,Paris,10 janvier 1809 ,23 novembre 1884
Claude Anthime Corbon,Arbigny-sous-Varennes,47.859166666667,5.6127777777778,Paris,23 décembre 1808 ,26 février 1891
Mortimer Ternaux,Paris,48.85666666666667,2.352222222222222,Beaumont-les-Autels,22 novembre 1808 ,6 novembre 1871
Charles Louis Benoit,Saint-Mihiel,48.889444444444,5.54,Verdun,8 novembre 1808 ,24 juillet 1889
Edmond de Tillancourt,Le Catelet,50.002222222222,3.2441666666667,Paris,14 octobre 1808 ,25 décembre 1880
François Joseph Ducoux,Châteauponsac,46.133888888889,1.2761111111111,Paris,11 septembre 1808 ,23 mars 1873
Étienne Duboys Fresney,Laval,48.072777777778,-0.77,Laval,15 août 1808 ,9 octobre 1893
Jules Brame,Lille,50.631944444444,3.0575,Paris,9 juillet 1808 ,1er février 1878
Michel Nicolas Gérard,Blincourt,49.383333333333,2.6183333333333,Paris,30 mars 1808 ,8 juin 1876
Ulric Perrot,Paris,48.85666666666667,2.352222222222222,Versailles,19 mars 1808 ,15 mai 1874
François Duparc,Sillingy,45.945833333333,6.0352777777778,Annecy,11 février 1808 ,11 octobre 1877
Gustave Swiney,Bordeaux,44.837777777778,-0.57944444444444,Plouégat-Guérand,8 janvier 1808 ,7 avril 1888
Alcide Taillefert,Niort,46.325,-0.46222222222222,château de Fontiville,5 janvier 1808 ,8 février 1888
Hippolyte de La Germonière,Vouvray,47.412222222222,0.79916666666667,château de la Germonière,24 novembre 1807 ,1er février 1887
Jules-Jacques Delacroix,Chartres,48.446666666667,1.4883333333333,Chartres,5 novembre 1807 ,15 décembre 1888
François Michal-Ladichère,Saint-Geoire-en-Valdaine,45.456944444444,5.6352777777778,Grenoble,3 novembre 1807 ,16 octobre 1884
Jules Grévy,Mont-sous-Vaudrey,46.980277777778,5.6022222222222,Mont-sous-Vaudrey,11 août 1807 ,9 septembre 1891
Pierre-Eustache Pellissier de Féligonde,Clermont-Ferrand,45.779722222222,3.0869444444444,Ébreuil,9 juillet 1807 ,28 janvier 1891
Napoléon Daru,Paris,48.85666666666667,2.352222222222222,Paris,12 juin 1807 ,20 juin 1890
Édouard Charton,Sens,48.197222222222,3.2833333333333,Versailles,11 mai 1807 ,27 février 1890
Pierre Marcellin Rouveure,Annonay,45.24,4.6708333333333,Annonay,27 avril 1807 ,13 octobre 1889
Alexandre Lecamus,Mayenne,48.30305555555555,-0.6136111111111112,Castres,4 avril 1807 ,4 avril 1886
Paulin-Aldéric Bienvenue,Saint-Brieuc,48.513611111111,-2.7602777777778,Morlaix,19 mars 1807 ,15 février 1879
Alexandre-Auguste Ledru-Rollin,Paris,48.85666666666667,2.352222222222222,Fontenay-aux-Roses,2 février 1807 ,31 décembre 1874
Pierre Noël Adolphe Crespin,Orléans,47.902222222222,1.9041666666667,Orléans,1er février 1807 ,27 juin 1875
Amédée Larrieu,Brest,48.39,-4.4869444444444,Paris,1er février 1807 ,30 septembre 1873
Alexandre-Étienne Simiot,Bordeaux,44.837777777778,-0.57944444444444,Paris,10 janvier 1807 ,26 janvier 1879
René-Armand Peltereau-Villeneuve,Château-Renault,47.591388888889,0.90944444444444,Donjeux,17 novembre 1806 ,9 août 1881
Ferdinand Reymond,La Tour-du-Pin,45.565833333333,5.445,Grenoble,13 décembre 1805 ,12 novembre 1880
Pierre Soury-Lavergne,Châteauponsac,46.133888888889,1.2761111111111,Haute-Vienne,19 novembre 1805 ,15 mars 1882
Charles de Larcy,Le Vigan,43.992222222222,3.6055555555556,Pierrelatte,20 août 1805 ,6 octobre 1882
Jules Barthélemy-Saint-Hilaire,Paris,48.85666666666667,2.352222222222222,Paris,19 août 1805 ,24 novembre 1895
Jacques-Charles de Fleuriot de La Freulière,Saint-Herblon,47.408333333333,-1.0958333333333,Oudon,14 août 1805 ,16 mars 1887
Ferdinand de Grammont,Villersexel,47.550555555556,6.4333333333333,Paris,6 juin 1805 ,7 juin 1889
Pierre-Marie Pory-Papy,Saint-Pierre,14.743055555556,-61.175277777778,Versailles,3 mai 1805 ,27 janvier 1874
Prosper de Chasseloup-Laubat,Alexandrie,31.1975,29.8925,Paris,29 mars 1805 ,29 mars 1873
Pierre Sansas,Bordeaux,44.837777777778,-0.57944444444444,Versailles,13 décembre 1804 ,5 janvier 1877
François-Marie-Hyacinthe Dahirel,Ploërmel,47.931666666667,-2.3975,Cannes,15 octobre 1804 ,6 février 1875
Louis-Gabriel-César de Kergorlay,Paris,48.85666666666667,2.352222222222222,château de Fosseuse,28 août 1804 ,1er mars 1880
Hippolythe Thomé de Kéridec,Hennebont,47.804166666667,-3.2788888888889,Versailles,12 août 1804 ,14 avril 1878
Ferdinand de Jouvencel,Versailles,48.805,2.135,Ville-d'Avray,25 juillet 1804 ,29 juin 1873
Victor Schœlcher,Paris,48.85666666666667,2.352222222222222,Houilles,22 juillet 1804 ,25 décembre 1893
Ernest Feray,Essonnes,48.6038,2.4678,Essonnes,29 mai 1804 ,29 décembre 1891
Michel Mallevergne,Juillac,44.811111111111,0.04,Paris,9 mai 1804 ,16 décembre 1877
Jules Bernard-Dutreil,Laval,48.072777777778,-0.77,Laval,5 mai 1804 ,15 juin 1876
Louis Piccon,Nice,43.701944444444,7.2683333333333,Nice,22 février 1804 ,3 mars 1889
Louis d'Aurelle de Paladines,Le Malzieu-Ville,44.856111111111,3.3308333333333,Versailles,9 janvier 1804 ,16 décembre 1877
François Henri Antoine de Bridieu,Loches,47.128611111111,0.99527777777778,Paris,7 janvier 1804 ,17 mai 1872
Jean Joseph Antoine Barbaroux,Brignoles,43.405833333333,6.0616666666667,,8 juillet 1803 ,15 mars 1871
Léon de Maleville,Montauban,44.017222222222,1.355,Montauban,8 mai 1803 ,28 mars 1879
Joseph-Charles-Maurice Mathieu de La Redorte,Paris,48.85666666666667,2.352222222222222,Paris,20 mars 1803 ,21 janvier 1886
Léon Dornès,Saint-Germain-en-Laye,48.896388888889,2.0905555555556,Paris,1er juillet 1802 ,9 décembre 1879
François-Marie Taillepied de Bondy,Paris,48.85666666666667,2.352222222222222,Paris,23 avril 1802 ,28 novembre 1890
Louis Lortal,Villefranche-de-Rouergue,44.3525,2.0341666666667,Villefranche-de-Rouergue,8 avril 1802 ,28 janvier 1888
Étienne Arago,Perpignan,42.6975,2.8947222222222,6e arrondissement de Paris,9 février 1802 ,6 mars 1892
Jean-Baptiste-Charles Wartelle de Retz,Douai,50.370833333333,3.0791666666667,Arras,3 avril 1801 ,25 juillet 1884
Émile Littré,Paris,48.85666666666667,2.352222222222222,rue d'Assas,1er février 1801 ,2 juin 1881
François de Chabaud-Latour,Nîmes,43.83833333333333,4.3597222222222225,Paris,25 janvier 1801 ,10 juin 1885
Charles Louis Baptiste Lebreton,Ploërmel,47.931666666667,-2.3975,,15 décembre 1800 ,
Adolphe-Félix Gatien-Arnoult,Vendôme,47.792777777778,1.0655555555556,Mont-de-Marsan,30 octobre 1800 ,18 janvier 1886
Jean-Charles Rivet,Brive-la-Gaillarde,45.158888888889,1.5330555555556,Cannes,19 mai 1800 ,19 novembre 1872
Jean-Didier Baze,Agen,44.203055555556,0.61861111111111,Paris,8 janvier 1800 ,14 avril 1881
Jules Dufaure,Saujon,45.671388888889,-0.92777777777778,Rueil-Malmaison,4 décembre 1798 ,27 juin 1881
Alexandre Clapier,Marseille,43.296666666667,5.3763888888889,Marseille,27 avril 1798 ,30 janvier 1891
Charles Kolb-Bernard,Dunkerque,51.037777777778,2.3763888888889,Paris,18 janvier 1798 ,7 mai 1888
Aristide Tendret,Belley,45.759166666667,5.6880555555556,Belley,13 octobre 1797 ,16 octobre 1871
Adolphe Thiers,Marseille,43.296666666667,5.3763888888889,Saint-Germain-en-Laye,15 avril 1797 ,3 septembre 1877
Charles de Rémusat,Paris,48.85666666666667,2.352222222222222,Paris,14 mars 1797 ,4 juin 1875
Théodore Guiter,Perpignan,42.6975,2.8947222222222,Paris,15 février 1797 ,22 mars 1875
Jean-François Paul Fortuné Maure,Saint-Cézaire-sur-Siagne,43.648888888889,6.7927777777778,Grasse,12 octobre 1796 ,23 août 1880
Paulin Gillon,Nubécourt,48.998611111111,5.175,Nubécourt,22 juin 1796 ,1er novembre 1878
Nicolas Changarnier,Autun,46.951111111111,4.2986111111111,Paris,26 avril 1793 ,14 février 1877
Louis-Madeleine-Clair-Hippolyte Gaulthier de Rumilly,Paris,48.85666666666667,2.352222222222222,Paris,8 décembre 1792 ,30 janvier 1884
